"Материал","Порядок","Трек","Модуль","Тип","Обязательно","Статус","Путь в архиве","Мои заметки"
"Курс: разработка и запуск анализатора Dota 2 с нуля","1","Обязательный путь","Ориентация","Оглавление части","Да","Не начато","README.md",""
"Как проходить курс","2","Обязательный путь","Ориентация","Глава","Да","Не начато","course/00-how-to-study.md",""
"Маршрут от полного нуля до запуска","3","Обязательный путь","Ориентация","Глава","Да","Не начато","course/03-zero-to-launch-roadmap.md",""
"Полная карта курса","4","Обязательный путь","Ориентация","Глава","Да","Не начато","course/01-course-map.md",""
"1. Продукт и границы MVP","5","Подготовка и архитектура","Blueprint","Глава","Да","Не начато","blueprint/01-product-and-mvp.md",""
"2. Источники данных и архитектура","6","Подготовка и архитектура","Blueprint","Глава","Да","Не начато","blueprint/02-data-and-architecture.md",""
"3. Технологии, база данных и API","7","Подготовка и архитектура","Blueprint","Глава","Да","Не начато","blueprint/03-stack-database-api.md",""
"4. Аналитика, качество и план разработки","8","Подготовка и архитектура","Blueprint","Глава","Да","Не начато","blueprint/04-analytics-roadmap-risks.md",""
"5. Источники документации и лицензионные проверки","9","Подготовка и архитектура","Blueprint","Глава","Да","Не начато","blueprint/05-sources-and-licenses.md",""
"6. AWS, публикация и коммерческий запуск","10","Подготовка и архитектура","Blueprint","Глава","Да","Не начато","blueprint/06-aws-commercial-launch.md",""
"Часть 1. Основы программирования","11","Обязательный путь","Часть 1","Оглавление части","Да","Не начато","course/part-01-foundations/README.md",""
"Глава 1. Что такое код","12","Обязательный путь","Часть 1","Глава","Да","Не начато","course/part-01-foundations/01-what-is-code.md",""
"Глава 2. Значения, переменные, типы и операции","13","Обязательный путь","Часть 1","Глава","Да","Не начато","course/part-01-foundations/02-variables-types-operators.md",""
"Глава 3. Условия и циклы","14","Обязательный путь","Часть 1","Глава","Да","Не начато","course/part-01-foundations/03-conditions-and-loops.md",""
"Глава 4. Функции, параметры, return и область видимости","15","Обязательный путь","Часть 1","Глава","Да","Не начато","course/part-01-foundations/04-functions-and-scope.md",""
"Глава 5. Массивы и объекты","16","Обязательный путь","Часть 1","Глава","Да","Не начато","course/part-01-foundations/05-arrays-and-objects.md",""
"Глава 6. Ошибки, проверка данных и отладка","17","Обязательный путь","Часть 1","Глава","Да","Не начато","course/part-01-foundations/06-errors-validation-debugging.md",""
"Глава 7. Лабораторная: консольный анализатор матча","18","Обязательный путь","Часть 1","Глава","Да","Не начато","course/part-01-foundations/07-match-analyzer-lab.md",""
"Эталонное решение лабораторной","19","Обязательный путь","Часть 1","Глава","Да","Не начато","course/part-01-foundations/08-reference-solution.md",""
"Часть 2. Инструменты разработчика и настоящий Node.js-проект","20","Обязательный путь","Часть 2","Оглавление части","Да","Не начато","course/part-02-tooling/README.md",""
"Глава 1. Файлы, папки, расширения и пути","21","Обязательный путь","Часть 2","Глава","Да","Не начато","course/part-02-tooling/01-files-folders-paths.md",""
"Глава 2. PowerShell и командная строка","22","Обязательный путь","Часть 2","Глава","Да","Не начато","course/part-02-tooling/02-powershell-terminal.md",""
"Глава 3. Установка редактора, Node.js и Git","23","Обязательный путь","Часть 2","Глава","Да","Не начато","course/part-02-tooling/03-install-tools.md",""
"Глава 4. Node.js, проект и package.json","24","Обязательный путь","Часть 2","Глава","Да","Не начато","course/part-02-tooling/04-node-project-package-json.md",""
"Глава 5. Модули import/export","25","Обязательный путь","Часть 2","Глава","Да","Не начато","course/part-02-tooling/05-modules.md",""
"Глава 6. npm, pnpm, зависимости и scripts","26","Обязательный путь","Часть 2","Глава","Да","Не начато","course/part-02-tooling/06-package-managers-dependencies-scripts.md",""
"Глава 7. Форматирование и статическая проверка","27","Обязательный путь","Часть 2","Глава","Да","Не начато","course/part-02-tooling/07-formatting-and-linting.md",""
"Глава 8. Отладка Node.js в терминале и VS Code","28","Обязательный путь","Часть 2","Глава","Да","Не начато","course/part-02-tooling/08-debugging-node.md",""
"Глава 9. Первые автоматические тесты","29","Обязательный путь","Часть 2","Глава","Да","Не начато","course/part-02-tooling/09-node-tests.md",""
"Глава 10. Лабораторная: многофайловый CLI-анализатор","30","Обязательный путь","Часть 2","Глава","Да","Не начато","course/part-02-tooling/10-cli-project-lab.md",""
"Глава 11. Разбор эталонного проекта","31","Обязательный путь","Часть 2","Глава","Да","Не начато","course/part-02-tooling/11-reference-project.md",""
"Dota Match CLI","32","Обязательный путь","Часть 2","Оглавление части","Да","Не начато","course/part-02-tooling/examples/dota-match-cli/README.md",""
"Часть 3. Углублённый JavaScript и асинхронность","33","Обязательный путь","Часть 3","Оглавление части","Да","Не начато","course/part-03-advanced-javascript/README.md",""
"Глава 1. Функция как значение, callback и higher-order function","34","Обязательный путь","Часть 3","Глава","Да","Не начато","course/part-03-advanced-javascript/01-callbacks-and-higher-order-functions.md",""
"Глава 2. Преобразования массивов и immutability","35","Обязательный путь","Часть 3","Глава","Да","Не начато","course/part-03-advanced-javascript/02-array-transformations-and-immutability.md",""
"Глава 3. Map, Set и группировка статистики","36","Обязательный путь","Часть 3","Глава","Да","Не начато","course/part-03-advanced-javascript/03-map-set-and-grouping.md",""
"Глава 4. Синхронный код, call stack и event loop","37","Обязательный путь","Часть 3","Глава","Да","Не начато","course/part-03-advanced-javascript/04-event-loop.md",""
"Глава 5. Promise: состояние и цепочка","38","Обязательный путь","Часть 3","Глава","Да","Не начато","course/part-03-advanced-javascript/05-promises.md",""
"Глава 6. async/await и обработка ошибок","39","Обязательный путь","Часть 3","Глава","Да","Не начато","course/part-03-advanced-javascript/06-async-await.md",""
"7. Файлы, пути и JSON","40","Обязательный путь","Часть 3","Глава","Да","Не начато","course/part-03-advanced-javascript/07-files-paths-json.md",""
"8. Параллельные операции и ограничение конкурентности","41","Обязательный путь","Часть 3","Глава","Да","Не начато","course/part-03-advanced-javascript/08-concurrency.md",""
"9. Проектирование асинхронного pipeline","42","Обязательный путь","Часть 3","Глава","Да","Не начато","course/part-03-advanced-javascript/09-async-pipeline-design.md",""
"10. Лабораторная: анализ истории матчей","43","Обязательный путь","Часть 3","Глава","Да","Не начато","course/part-03-advanced-javascript/10-history-analyzer-lab.md",""
"11. Разбор эталонного проекта","44","Обязательный путь","Часть 3","Глава","Да","Не начато","course/part-03-advanced-javascript/11-reference-project.md",""
"Dota History CLI","45","Обязательный путь","Часть 3","Оглавление части","Да","Не начато","course/part-03-advanced-javascript/examples/dota-history-cli/README.md",""
"Часть 4. TypeScript и безопасные модели данных","46","Обязательный путь","Часть 4","Оглавление части","Да","Не начато","course/part-04-typescript/README.md",""
"1. Зачем TypeScript, если уже есть JavaScript","47","Обязательный путь","Часть 4","Глава","Да","Не начато","course/part-04-typescript/01-why-typescript.md",""
"2. Установка, компиляция и `tsconfig.json`","48","Обязательный путь","Часть 4","Глава","Да","Не начато","course/part-04-typescript/02-install-compile-tsconfig.md",""
"3. Примитивы, массивы, tuples и inference","49","Обязательный путь","Часть 4","Глава","Да","Не начато","course/part-04-typescript/03-primitives-arrays-tuples.md",""
"4. Объектные модели: `type` и `interface`","50","Обязательный путь","Часть 4","Глава","Да","Не начато","course/part-04-typescript/04-object-models-type-interface.md",""
"5. Unions, optional fields и narrowing","51","Обязательный путь","Часть 4","Глава","Да","Не начато","course/part-04-typescript/05-unions-optionals-narrowing.md",""
"6. `unknown`, `any` и runtime validation","52","Обязательный путь","Часть 4","Глава","Да","Не начато","course/part-04-typescript/06-unknown-any-runtime-validation.md",""
"7. Типизация функций и generics","53","Обязательный путь","Часть 4","Глава","Да","Не начато","course/part-04-typescript/07-functions-generics.md",""
"8. Readonly и utility types","54","Обязательный путь","Часть 4","Глава","Да","Не начато","course/part-04-typescript/08-readonly-utility-types.md",""
"9. Ошибки, `never` и Result-модель","55","Обязательный путь","Часть 4","Глава","Да","Не начато","course/part-04-typescript/09-errors-never-result.md",""
"10. Типизированный асинхронный JSON pipeline","56","Обязательный путь","Часть 4","Глава","Да","Не начато","course/part-04-typescript/10-typed-async-pipeline.md",""
"11. Лабораторная: миграция анализатора на TypeScript","57","Обязательный путь","Часть 4","Глава","Да","Не начато","course/part-04-typescript/11-migration-lab.md",""
"12. Разбор эталонного TypeScript-проекта","58","Обязательный путь","Часть 4","Глава","Да","Не начато","course/part-04-typescript/12-reference-project.md",""
"Dota History CLI на TypeScript","59","Обязательный путь","Часть 4","Оглавление части","Да","Не начато","course/part-04-typescript/examples/dota-history-cli-ts/README.md",""
"Часть 5. Git и дисциплина разработки","60","Обязательный путь","Часть 5","Оглавление части","Да","Не начато","course/part-05-git/README.md",""
"1. Git, repository и безопасная инициализация","61","Обязательный путь","Часть 5","Глава","Да","Не начато","course/part-05-git/01-git-repository-init.md",""
"2. Working tree, staging area, diff и первый commit","62","Обязательный путь","Часть 5","Глава","Да","Не начато","course/part-05-git/02-working-tree-staging-commit.md",""
"3. `.gitignore`, generated files и защита secrets","63","Обязательный путь","Часть 5","Глава","Да","Не начато","course/part-05-git/03-gitignore-and-secrets.md",""
"4. Атомарные commits и читаемая история","64","Обязательный путь","Часть 5","Глава","Да","Не начато","course/part-05-git/04-atomic-commits-and-history.md",""
"5. Branches и безопасное переключение","65","Обязательный путь","Часть 5","Глава","Да","Не начато","course/part-05-git/05-branches-and-switch.md",""
"6. Merge и разрешение conflicts","66","Обязательный путь","Часть 5","Глава","Да","Не начато","course/part-05-git/06-merge-and-conflicts.md",""
"7. Безопасное исправление ошибок и восстановление работы","67","Обязательный путь","Часть 5","Глава","Да","Не начато","course/part-05-git/07-safe-recovery.md",""
"8. Remote repositories, GitHub, fetch, pull и push","68","Обязательный путь","Часть 5","Глава","Да","Не начато","course/part-05-git/08-remotes-and-github.md",""
"9. Pull request и базовый code review","69","Обязательный путь","Часть 5","Глава","Да","Не начато","course/part-05-git/09-pull-requests-and-review.md",""
"10. Итоговая лабораторная: feature от branch до merge","70","Обязательный путь","Часть 5","Глава","Да","Не начато","course/part-05-git/10-final-git-lab.md",""
"Часть 6. HTTP, JSON и внешние API","71","Обязательный путь","Часть 6","Оглавление части","Да","Не начато","course/part-06-http-api/README.md",""
"Глава 1. Клиент, сервер и устройство URL","72","Обязательный путь","Часть 6","Глава","Да","Не начато","course/part-06-http-api/01-client-server-url.md",""
"Глава 2. HTTP-запрос и HTTP-ответ","73","Обязательный путь","Часть 6","Глава","Да","Не начато","course/part-06-http-api/02-request-response.md",""
"Глава 3. JSON, `unknown` и проверка границы","74","Обязательный путь","Часть 6","Глава","Да","Не начато","course/part-06-http-api/03-json-unknown-validation.md",""
"Глава 4. Первый запрос через Node.js `fetch`","75","Обязательный путь","Часть 6","Глава","Да","Не начато","course/part-06-http-api/04-node-fetch.md",""
"Глава 5. Timeout, классификация ошибок и retry","76","Обязательный путь","Часть 6","Глава","Да","Не начато","course/part-06-http-api/05-timeout-errors-retry.md",""
"Глава 6. Rate limit, pagination и cache","77","Обязательный путь","Часть 6","Глава","Да","Не начато","course/part-06-http-api/06-rate-limit-pagination-cache.md",""
"Глава 7. API key, переменные окружения и секреты","78","Обязательный путь","Часть 6","Глава","Да","Не начато","course/part-06-http-api/07-api-key-and-secrets.md",""
"Глава 8. Контракт OpenDota и исследование ответа","79","Обязательный путь","Часть 6","Глава","Да","Не начато","course/part-06-http-api/08-opendota-contract.md",""
"Глава 9. Provider client и raw archive","80","Обязательный путь","Часть 6","Глава","Да","Не начато","course/part-06-http-api/09-provider-client-and-raw-archive.md",""
"Глава 10. Итоговая лабораторная: загрузить и сохранить матч","81","Обязательный путь","Часть 6","Глава","Да","Не начато","course/part-06-http-api/10-final-http-lab.md",""
"Часть 7. SQL и PostgreSQL","82","Обязательный путь","Часть 7","Оглавление части","Да","Не начато","course/part-07-postgresql/README.md",""
"Глава 1. Реляционная модель: таблица, строка и отношение","83","Обязательный путь","Часть 7","Глава","Да","Не начато","course/part-07-postgresql/01-relational-model.md",""
"Глава 2. Локальный PostgreSQL и `psql`","84","Обязательный путь","Часть 7","Глава","Да","Не начато","course/part-07-postgresql/02-local-postgres-and-psql.md",""
"Глава 3. Типы, UTC, `NULL` и создание таблиц","85","Обязательный путь","Часть 7","Глава","Да","Не начато","course/part-07-postgresql/03-types-null-and-create-table.md",""
"Глава 4. Primary key, foreign key и ограничения","86","Обязательный путь","Часть 7","Глава","Да","Не начато","course/part-07-postgresql/04-keys-constraints-relations.md",""
"Глава 5. `INSERT`, `SELECT`, `UPDATE`, `DELETE`","87","Обязательный путь","Часть 7","Глава","Да","Не начато","course/part-07-postgresql/05-crud-and-filtering.md",""
"Глава 6. `JOIN`, `GROUP BY` и агрегаты","88","Обязательный путь","Часть 7","Глава","Да","Не начато","course/part-07-postgresql/06-joins-and-aggregates.md",""
"Глава 7. Индексы и `EXPLAIN`","89","Обязательный путь","Часть 7","Глава","Да","Не начато","course/part-07-postgresql/07-indexes-and-explain.md",""
"Глава 8. Транзакции, concurrency и upsert","90","Обязательный путь","Часть 7","Глава","Да","Не начато","course/part-07-postgresql/08-transactions-and-upsert.md",""
"Глава 9. Миграции и Drizzle","91","Обязательный путь","Часть 7","Глава","Да","Не начато","course/part-07-postgresql/09-migrations-and-drizzle.md",""
"Глава 10. Итоговая лабораторная: база матча","92","Обязательный путь","Часть 7","Глава","Да","Не начато","course/part-07-postgresql/10-final-database-lab.md",""
"Часть 8. Backend на Node.js, NestJS и Fastify","93","Обязательный путь","Часть 8","Оглавление части","Да","Не начато","course/part-08-nestjs-backend/README.md",""
"Глава 1. Серверный процесс и lifecycle запроса","94","Обязательный путь","Часть 8","Глава","Да","Не начато","course/part-08-nestjs-backend/01-server-and-request-lifecycle.md",""
"Глава 2. Создание NestJS-приложения с Fastify","95","Обязательный путь","Часть 8","Глава","Да","Не начато","course/part-08-nestjs-backend/02-nestjs-fastify-bootstrap.md",""
"Глава 3. Module, controller, service и dependency injection","96","Обязательный путь","Часть 8","Глава","Да","Не начато","course/part-08-nestjs-backend/03-modules-controllers-services-di.md",""
"Глава 4. DTO, validation и serialization","97","Обязательный путь","Часть 8","Глава","Да","Не начато","course/part-08-nestjs-backend/04-dto-validation-serialization.md",""
"Глава 5. Единый контракт ошибок","98","Обязательный путь","Часть 8","Глава","Да","Не начато","course/part-08-nestjs-backend/05-error-contract.md",""
"Глава 6. REST versioning, filters и cursor pagination","99","Обязательный путь","Часть 8","Глава","Да","Не начато","course/part-08-nestjs-backend/06-rest-versioning-pagination.md",""
"Глава 7. Repository и PostgreSQL","100","Обязательный путь","Часть 8","Глава","Да","Не начато","course/part-08-nestjs-backend/07-repository-and-database.md",""
"Глава 8. OpenAPI и проверяемый контракт","101","Обязательный путь","Часть 8","Глава","Да","Не начато","course/part-08-nestjs-backend/08-openapi-contract.md",""
"Глава 9. Config, logs, health и тесты","102","Обязательный путь","Часть 8","Глава","Да","Не начато","course/part-08-nestjs-backend/09-operations-and-testing.md",""
"Глава 10. Итоговая лабораторная: API матчей","103","Обязательный путь","Часть 8","Глава","Да","Не начато","course/part-08-nestjs-backend/10-final-backend-lab.md",""
"Часть 9. Сбор и нормализация данных Dota 2","104","Обязательный путь","Часть 9","Оглавление части","Да","Не начато","course/part-09-data-ingestion/README.md",""
"Глава 1. Архитектура ingestion pipeline","105","Обязательный путь","Часть 9","Глава","Да","Не начато","course/part-09-data-ingestion/01-ingestion-architecture.md",""
"Глава 2. Provider adapter и canonical model","106","Обязательный путь","Часть 9","Глава","Да","Не начато","course/part-09-data-ingestion/02-provider-adapter-canonical-model.md",""
"Глава 3. Raw archive, provenance и versioning","107","Обязательный путь","Часть 9","Глава","Да","Не начато","course/part-09-data-ingestion/03-raw-archive-and-provenance.md",""
"Глава 4. State machine ресурса","108","Обязательный путь","Часть 9","Глава","Да","Не начато","course/part-09-data-ingestion/04-ingestion-state-machine.md",""
"Глава 5. Idempotency, merge policy и транзакция","109","Обязательный путь","Часть 9","Глава","Да","Не начато","course/part-09-data-ingestion/05-idempotency-and-merge-policy.md",""
"Глава 6. Redis, BullMQ, queues и workers","110","Обязательный путь","Часть 9","Глава","Да","Не начато","course/part-09-data-ingestion/06-redis-bullmq-workers.md",""
"Глава 7. Retry, backoff, quota и dead-letter policy","111","Обязательный путь","Часть 9","Глава","Да","Не начато","course/part-09-data-ingestion/07-retry-quota-and-failures.md",""
"Глава 8. Discovery, schedules, backfill и reconciliation","112","Обязательный путь","Часть 9","Глава","Да","Не начато","course/part-09-data-ingestion/08-discovery-backfill-reconciliation.md",""
"Глава 9. Качество данных и наблюдаемость","113","Обязательный путь","Часть 9","Глава","Да","Не начато","course/part-09-data-ingestion/09-data-quality-observability.md",""
"Глава 10. Итоговая лабораторная: worker матча","114","Обязательный путь","Часть 9","Глава","Да","Не начато","course/part-09-data-ingestion/10-final-ingestion-lab.md",""
"Часть 10. Аналитика меты Dota 2","115","Обязательный путь","Часть 10","Оглавление части","Да","Не начато","course/part-10-analytics/README.md",""
"Глава 1. Metric contract, grain и population","116","Обязательный путь","Часть 10","Глава","Да","Не начато","course/part-10-analytics/01-metric-contract-and-grain.md",""
"Глава 2. Pick, ban, contest и win rate","117","Обязательный путь","Часть 10","Глава","Да","Не начато","course/part-10-analytics/02-core-hero-metrics.md",""
"Глава 3. Patch, окно времени и фильтры","118","Обязательный путь","Часть 10","Глава","Да","Не начато","course/part-10-analytics/03-patch-windows-and-filters.md",""
"Глава 4. Sample size, Wilson interval и shrinkage","119","Обязательный путь","Часть 10","Глава","Да","Не начато","course/part-10-analytics/04-sample-size-and-intervals.md",""
"Глава 5. Корректные SQL-агрегации","120","Обязательный путь","Часть 10","Глава","Да","Не начато","course/part-10-analytics/05-sql-aggregations.md",""
"Глава 6. Materialized views и refresh","121","Обязательный путь","Часть 10","Глава","Да","Не начато","course/part-10-analytics/06-materialized-views.md",""
"Глава 7. REST endpoint меты","122","Обязательный путь","Часть 10","Глава","Да","Не начато","course/part-10-analytics/07-meta-api-endpoint.md",""
"Глава 8. Cache, freshness и metric version","123","Обязательный путь","Часть 10","Глава","Да","Не начато","course/part-10-analytics/08-cache-freshness-versioning.md",""
"Глава 9. Тестирование аналитики и data quality","124","Обязательный путь","Часть 10","Глава","Да","Не начато","course/part-10-analytics/09-analytics-testing.md",""
"Глава 10. Итоговая лабораторная: `/v1/meta/heroes`","125","Обязательный путь","Часть 10","Глава","Да","Не начато","course/part-10-analytics/10-final-analytics-lab.md",""
"Часть 11. Основы React и web-песочница","126","Обязательный путь","Часть 11","Оглавление части","Да","Не начато","course/part-11-react/README.md",""
"Глава 1. Интерфейс как дерево компонентов","127","Обязательный путь","Часть 11","Глава","Да","Не начато","course/part-11-react/01-ui-as-component-tree.md",""
"Глава 2. Проект React + TypeScript через Vite","128","Обязательный путь","Часть 11","Глава","Да","Не начато","course/part-11-react/02-vite-react-project.md",""
"Глава 3. JSX, компоненты и props","129","Обязательный путь","Часть 11","Глава","Да","Не начато","course/part-11-react/03-jsx-components-props.md",""
"Глава 4. Условия, списки и стабильные keys","130","Обязательный путь","Часть 11","Глава","Да","Не начато","course/part-11-react/04-conditions-lists-keys.md",""
"Глава 5. События, state и render snapshot","131","Обязательный путь","Часть 11","Глава","Да","Не начато","course/part-11-react/05-events-state-render.md",""
"Глава 6. Формы, структура state и lifting state up","132","Обязательный путь","Часть 11","Глава","Да","Не начато","course/part-11-react/06-forms-and-state-design.md",""
"Глава 7. `useEffect`, внешние системы и cleanup","133","Обязательный путь","Часть 11","Глава","Да","Не начато","course/part-11-react/07-effects-and-cleanup.md",""
"Глава 8. Загрузка API и custom hooks","134","Обязательный путь","Часть 11","Глава","Да","Не начато","course/part-11-react/08-api-and-custom-hooks.md",""
"Глава 9. Доступность, тестирование и отладка","135","Обязательный путь","Часть 11","Глава","Да","Не начато","course/part-11-react/09-accessibility-and-testing.md",""
"Глава 10. Итоговая лабораторная: web-список матчей","136","Обязательный путь","Часть 11","Глава","Да","Не начато","course/part-11-react/10-final-react-lab.md",""
"Часть 12. React Native и Expo","137","Обязательный путь","Часть 12","Оглавление части","Да","Не начато","course/part-12-react-native-expo/README.md",""
"Глава 1. React Native, native UI и роль Expo","138","Обязательный путь","Часть 12","Глава","Да","Не начато","course/part-12-react-native-expo/01-react-native-and-expo.md",""
"Глава 2. Создание и запуск Expo-проекта","139","Обязательный путь","Часть 12","Глава","Да","Не начато","course/part-12-react-native-expo/02-create-and-run-expo-project.md",""
"Глава 3. Core components, StyleSheet, Flexbox и safe area","140","Обязательный путь","Часть 12","Глава","Да","Не начато","course/part-12-react-native-expo/03-components-styles-layout.md",""
"Глава 4. Expo Router: Stack, Tabs, параметры и links","141","Обязательный путь","Часть 12","Глава","Да","Не начато","course/part-12-react-native-expo/04-expo-router-navigation.md",""
"Глава 5. `FlatList`, refresh и производительность списков","142","Обязательный путь","Часть 12","Глава","Да","Не начато","course/part-12-react-native-expo/05-flatlist-and-performance.md",""
"Глава 6. TanStack Query: server state, focus и сеть","143","Обязательный путь","Часть 12","Глава","Да","Не начато","course/part-12-react-native-expo/06-tanstack-query.md",""
"Глава 7. Zustand и границы client state","144","Обязательный путь","Часть 12","Глава","Да","Не начато","course/part-12-react-native-expo/07-zustand-client-state.md",""
"Глава 8. SecureStore, persistence и offline","145","Обязательный путь","Часть 12","Глава","Да","Не начато","course/part-12-react-native-expo/08-storage-and-offline.md",""
"Глава 9. Графики, доступность и тестирование устройств","146","Обязательный путь","Часть 12","Глава","Да","Не начато","course/part-12-react-native-expo/09-charts-accessibility-testing.md",""
"Глава 10. Итоговая лабораторная: мобильная оболочка","147","Обязательный путь","Часть 12","Глава","Да","Не начато","course/part-12-react-native-expo/10-final-mobile-lab.md",""
"Часть 13. Соединяем мобильное приложение с backend","148","Обязательный путь","Часть 13","Оглавление части","Да","Не начато","course/part-13-mobile-backend/README.md",""
"Глава 1. Контракт между mobile и backend","149","Обязательный путь","Часть 13","Глава","Да","Не начато","course/part-13-mobile-backend/01-contract-boundary.md",""
"Глава 2. Окружения и доступ к локальному API","150","Обязательный путь","Часть 13","Глава","Да","Не начато","course/part-13-mobile-backend/02-environments-and-networking.md",""
"Глава 3. Генерация OpenAPI-клиента","151","Обязательный путь","Часть 13","Глава","Да","Не начато","course/part-13-mobile-backend/03-openapi-generated-client.md",""
"Глава 4. HTTP-транспорт и модель ошибок","152","Обязательный путь","Часть 13","Глава","Да","Не начато","course/part-13-mobile-backend/04-http-transport-and-errors.md",""
"Глава 5. Query keys и кэш","153","Обязательный путь","Часть 13","Глава","Да","Не начато","course/part-13-mobile-backend/05-query-keys-and-cache.md",""
"Глава 6. Пагинация и фильтры","154","Обязательный путь","Часть 13","Глава","Да","Не начато","course/part-13-mobile-backend/06-pagination-and-filters.md",""
"Глава 7. Мутации и инвалидация","155","Обязательный путь","Часть 13","Глава","Да","Не начато","course/part-13-mobile-backend/07-mutations-invalidation-optimistic.md",""
"Глава 8. Reconnect, offline и error UX","156","Обязательный путь","Часть 13","Глава","Да","Не начато","course/part-13-mobile-backend/08-reconnect-offline-error-ux.md",""
"Глава 9. Контрактные тесты и наблюдаемость","157","Обязательный путь","Часть 13","Глава","Да","Не начато","course/part-13-mobile-backend/09-contract-testing-observability.md",""
"Глава 10. Итоговая лабораторная: mobile работает на собственном API","158","Обязательный путь","Часть 13","Глава","Да","Не начато","course/part-13-mobile-backend/10-final-mobile-backend-lab.md",""
"Часть 14. Пользователи, Steam, watchlist и уведомления","159","Обязательный путь","Часть 14","Оглавление части","Да","Не начато","course/part-14-auth-steam-notifications/README.md",""
"Глава 1. Guest-first и модель пользователя","160","Обязательный путь","Часть 14","Глава","Да","Не начато","course/part-14-auth-steam-notifications/01-guest-and-identity-model.md",""
"Глава 2. Серверный Steam OpenID flow","161","Обязательный путь","Часть 14","Глава","Да","Не начато","course/part-14-auth-steam-notifications/02-steam-openid-flow.md",""
"Глава 3. Сессии и rotation токенов","162","Обязательный путь","Часть 14","Глава","Да","Не начато","course/part-14-auth-steam-notifications/03-sessions-and-token-rotation.md",""
"Глава 4. Авторизация в mobile и SecureStore","163","Обязательный путь","Часть 14","Глава","Да","Не начато","course/part-14-auth-steam-notifications/04-mobile-auth-and-securestore.md",""
"Глава 5. Steam linking и приватность","164","Обязательный путь","Часть 14","Глава","Да","Не начато","course/part-14-auth-steam-notifications/05-steam-linking-and-privacy.md",""
"Глава 6. Watchlist и синхронизация","165","Обязательный путь","Часть 14","Глава","Да","Не начато","course/part-14-auth-steam-notifications/06-watchlist-and-sync.md",""
"Глава 7. Регистрация push-устройства","166","Обязательный путь","Часть 14","Глава","Да","Не начато","course/part-14-auth-steam-notifications/07-push-device-registration.md",""
"Глава 8. Pipeline отправки уведомлений","167","Обязательный путь","Часть 14","Глава","Да","Не начато","course/part-14-auth-steam-notifications/08-notification-pipeline.md",""
"Глава 9. Deep links, выход, удаление и безопасность","168","Обязательный путь","Часть 14","Глава","Да","Не начато","course/part-14-auth-steam-notifications/09-deep-links-logout-deletion-security.md",""
"Глава 10. Итоговая лабораторная: Steam → watchlist → push","169","Обязательный путь","Часть 14","Глава","Да","Не начато","course/part-14-auth-steam-notifications/10-final-auth-notifications-lab.md",""
"Часть 15. Тестирование и безопасность","170","Обязательный путь","Часть 15","Оглавление части","Да","Не начато","course/part-15-testing-security/README.md",""
"Глава 1. Стратегия тестирования и критические пути","171","Обязательный путь","Часть 15","Глава","Да","Не начато","course/part-15-testing-security/01-testing-strategy-pyramid.md",""
"Глава 2. Unit-тесты с Vitest","172","Обязательный путь","Часть 15","Глава","Да","Не начато","course/part-15-testing-security/02-vitest-unit-tests.md",""
"Глава 3. Integration-тесты с Testcontainers","173","Обязательный путь","Часть 15","Глава","Да","Не начато","course/part-15-testing-security/03-integration-testcontainers.md",""
"Глава 4. Contract fixtures и совместимость API","174","Обязательный путь","Часть 15","Глава","Да","Не начато","course/part-15-testing-security/04-contract-fixtures-api.md",""
"Глава 5. Backend E2E и критический путь","175","Обязательный путь","Часть 15","Глава","Да","Не начато","course/part-15-testing-security/05-backend-e2e-critical-path.md",""
"Глава 6. React Native Testing Library","176","Обязательный путь","Часть 15","Глава","Да","Не начато","course/part-15-testing-security/06-mobile-rntl.md",""
"Глава 7. Device E2E с Maestro","177","Обязательный путь","Часть 15","Глава","Да","Не начато","course/part-15-testing-security/07-maestro-device-e2e.md",""
"Глава 8. Security controls: ввод, SQL, rate limits и секреты","178","Обязательный путь","Часть 15","Глава","Да","Не начато","course/part-15-testing-security/08-security-controls.md",""
"Глава 9. Backup/restore и dependency security","179","Обязательный путь","Часть 15","Глава","Да","Не начато","course/part-15-testing-security/09-backup-dependencies-security-ci.md",""
"Глава 10. Итоговая лабораторная качества и безопасности","180","Обязательный путь","Часть 15","Глава","Да","Не начато","course/part-15-testing-security/10-final-quality-security-lab.md",""
"Часть 16. Docker, CI/CD и production","181","Обязательный путь","Часть 16","Оглавление части","Да","Не начато","course/part-16-docker-cicd-production/README.md",""
"Глава 1. Images, containers и production process","182","Обязательный путь","Часть 16","Глава","Да","Не начато","course/part-16-docker-cicd-production/01-containers-images.md",""
"Глава 2. Multi-stage Dockerfile для Node.js monorepo","183","Обязательный путь","Часть 16","Глава","Да","Не начато","course/part-16-docker-cicd-production/02-api-dockerfile.md",""
"Глава 3. Локальный Docker Compose stack","184","Обязательный путь","Часть 16","Глава","Да","Не начато","course/part-16-docker-cicd-production/03-compose-local-stack.md",""
"Глава 4. Development, staging, production и managed services","185","Обязательный путь","Часть 16","Глава","Да","Не начато","course/part-16-docker-cicd-production/04-environments-managed-services.md",""
"Глава 5. Object storage и защита данных","186","Обязательный путь","Часть 16","Глава","Да","Не начато","course/part-16-docker-cicd-production/05-object-storage-data-protection.md",""
"Глава 6. Миграции при deployment","187","Обязательный путь","Часть 16","Глава","Да","Не начато","course/part-16-docker-cicd-production/06-migrations-deployment.md",""
"Глава 7. GitHub Actions CI","188","Обязательный путь","Часть 16","Глава","Да","Не начато","course/part-16-docker-cicd-production/07-github-actions-ci.md",""
"Глава 8. CD backend и EAS mobile releases","189","Обязательный путь","Часть 16","Глава","Да","Не начато","course/part-16-docker-cicd-production/08-cd-eas-builds.md",""
"Глава 9. Rollout, rollback и feature flags","190","Обязательный путь","Часть 16","Глава","Да","Не начато","course/part-16-docker-cicd-production/09-release-rollback-feature-flags.md",""
"Глава 10. Итоговая лабораторная: staging и production deployment","191","Обязательный путь","Часть 16","Глава","Да","Не начато","course/part-16-docker-cicd-production/10-final-staging-production-lab.md",""
"Часть 17. Наблюдаемость и эксплуатация","192","Обязательный путь","Часть 17","Оглавление части","Да","Не начато","course/part-17-observability-operations/README.md",""
"Глава 1. Модель наблюдаемости и сигналы","193","Обязательный путь","Часть 17","Глава","Да","Не начато","course/part-17-observability-operations/01-observability-model.md",""
"Глава 2. Structured logs, request ID и job ID","194","Обязательный путь","Часть 17","Глава","Да","Не начато","course/part-17-observability-operations/02-structured-logs-correlation.md",""
"Глава 3. Метрики, типы и cardinality","195","Обязательный путь","Часть 17","Глава","Да","Не начато","course/part-17-observability-operations/03-metrics-cardinality.md",""
"Глава 4. Трассировка с OpenTelemetry","196","Обязательный путь","Часть 17","Глава","Да","Не начато","course/part-17-observability-operations/04-traces-opentelemetry.md",""
"Глава 5. Sentry, releases и mobile crashes","197","Обязательный путь","Часть 17","Глава","Да","Не начато","course/part-17-observability-operations/05-sentry-releases-mobile.md",""
"Глава 6. SLI, SLO и error budget","198","Обязательный путь","Часть 17","Глава","Да","Не начато","course/part-17-observability-operations/06-sli-slo-error-budgets.md",""
"Глава 7. Freshness данных, очереди и workers","199","Обязательный путь","Часть 17","Глава","Да","Не начато","course/part-17-observability-operations/07-data-freshness-queues.md",""
"Глава 8. Dashboards и предупреждения","200","Обязательный путь","Часть 17","Глава","Да","Не начато","course/part-17-observability-operations/08-alerts-dashboards.md",""
"Глава 9. Инциденты, runbooks и восстановление","201","Обязательный путь","Часть 17","Глава","Да","Не начато","course/part-17-observability-operations/09-incidents-runbooks-backup.md",""
"Глава 10. Итоговая лабораторная наблюдаемости","202","Обязательный путь","Часть 17","Глава","Да","Не начато","course/part-17-observability-operations/10-final-observability-lab.md",""
"Часть 21. Пошаговая сборка единого MVP","203","Обязательный путь","Часть 21","Оглавление части","Да","Не начато","course/part-21-guided-mvp-assembly/README.md",""
"Глава 1. Зафиксировать MVP, пользователя и коммерческий data gate","204","Обязательный путь","Часть 21","Глава","Да","Не начато","course/part-21-guided-mvp-assembly/01-scope-user-data-gate.md",""
"Глава 2. Создать production monorepo и общий контракт","205","Обязательный путь","Часть 21","Глава","Да","Не начато","course/part-21-guided-mvp-assembly/02-production-monorepo.md",""
"Глава 3. Вертикаль №1: fixture → PostgreSQL → API → mobile","206","Обязательный путь","Часть 21","Глава","Да","Не начато","course/part-21-guided-mvp-assembly/03-first-vertical-slice.md",""
"Глава 4. Вертикаль №2: разрешённый provider и ingestion","207","Обязательный путь","Часть 21","Глава","Да","Не начато","course/part-21-guided-mvp-assembly/04-provider-ingestion-slice.md",""
"Глава 5. Матчи, серии, команды, игроки и драфты","208","Обязательный путь","Часть 21","Глава","Да","Не начато","course/part-21-guided-mvp-assembly/05-core-domain-screens.md",""
"Глава 6. Мета, поиск, фильтры и freshness","209","Обязательный путь","Часть 21","Глава","Да","Не начато","course/part-21-guided-mvp-assembly/06-meta-search-freshness.md",""
"Глава 7. Steam, watchlist и уведомления","210","Обязательный путь","Часть 21","Глава","Да","Не начато","course/part-21-guided-mvp-assembly/07-auth-watchlist-notifications.md",""
"Глава 8. Quality gate, безопасность и внутренние операции","211","Обязательный путь","Часть 21","Глава","Да","Не начато","course/part-21-guided-mvp-assembly/08-quality-security-operations.md",""
"Глава 9. Beta-тестирование и release candidate","212","Обязательный путь","Часть 21","Глава","Да","Не начато","course/part-21-guided-mvp-assembly/09-beta-release-candidate.md",""
"Глава 10. Итоговая лабораторная: полностью работающий MVP","213","Обязательный путь","Часть 21","Глава","Да","Не начато","course/part-21-guided-mvp-assembly/10-complete-mvp-lab.md",""
"Часть 22. Развёртывание Dota Analyzer в AWS с нуля","214","Обязательный путь","Часть 22","Оглавление части","Да","Не начато","course/part-22-aws-production/README.md",""
"Глава 1. AWS account, MFA, доступ, регион и бюджеты","215","Обязательный путь","Часть 22","Глава","Да","Не начато","course/part-22-aws-production/01-account-security-budget.md",""
"Глава 2. Архитектура, окружения и расчёт стоимости","216","Обязательный путь","Часть 22","Глава","Да","Не начато","course/part-22-aws-production/02-architecture-environments-cost.md",""
"Глава 3. Infrastructure as Code на AWS CDK и TypeScript","217","Обязательный путь","Часть 22","Глава","Да","Не начато","course/part-22-aws-production/03-cdk-typescript-foundations.md",""
"Глава 4. Сеть, домен и HTTPS","218","Обязательный путь","Часть 22","Глава","Да","Не начато","course/part-22-aws-production/04-network-dns-tls.md",""
"Глава 5. ECR, ECS Fargate и процессы приложения","219","Обязательный путь","Часть 22","Глава","Да","Не начато","course/part-22-aws-production/05-ecr-ecs-fargate.md",""
"Глава 6. RDS PostgreSQL, миграции и восстановление","220","Обязательный путь","Часть 22","Глава","Да","Не начато","course/part-22-aws-production/06-rds-postgresql.md",""
"Глава 7. Кэш, S3, CloudFront и секреты","221","Обязательный путь","Часть 22","Глава","Да","Не начато","course/part-22-aws-production/07-cache-storage-secrets.md",""
"Глава 8. CI/CD через GitHub OIDC без постоянных AWS-ключей","222","Обязательный путь","Часть 22","Глава","Да","Не начато","course/part-22-aws-production/08-github-oidc-deployment.md",""
"Глава 9. Наблюдаемость, инциденты, масштабирование и стоимость","223","Обязательный путь","Часть 22","Глава","Да","Не начато","course/part-22-aws-production/09-operations-scaling-cost.md",""
"Глава 10. Итоговая лабораторная: staging и production в AWS","224","Обязательный путь","Часть 22","Глава","Да","Не начато","course/part-22-aws-production/10-final-aws-lab.md",""
"Часть 23. Выпуск React Native приложения в Google Play и App Store","225","Обязательный путь","Часть 23","Оглавление части","Да","Не начато","course/part-23-store-release/README.md",""
"Глава 1. Аккаунты, идентичность приложения и владение","226","Обязательный путь","Часть 23","Глава","Да","Не начато","course/part-23-store-release/01-accounts-identity-ownership.md",""
"Глава 2. Production-конфигурация и native builds","227","Обязательный путь","Часть 23","Глава","Да","Не начато","course/part-23-store-release/02-production-config-native-builds.md",""
"Глава 3. Privacy policy, support и удаление аккаунта","228","Обязательный путь","Часть 23","Глава","Да","Не начато","course/part-23-store-release/03-privacy-support-account-deletion.md",""
"Глава 4. Карточка магазина, графика и интеллектуальные права","229","Обязательный путь","Часть 23","Глава","Да","Не начато","course/part-23-store-release/04-store-listing-assets-ip.md",""
"Глава 5. Google Play Console и Android beta","230","Обязательный путь","Часть 23","Глава","Да","Не начато","course/part-23-store-release/05-google-play-android-beta.md",""
"Глава 6. App Store Connect и TestFlight","231","Обязательный путь","Часть 23","Глава","Да","Не начато","course/part-23-store-release/06-app-store-testflight.md",""
"Глава 7. EAS Build и EAS Submit","232","Обязательный путь","Часть 23","Глава","Да","Не начато","course/part-23-store-release/07-eas-build-submit.md",""
"Глава 8. Review, rollout и первые пользователи","233","Обязательный путь","Часть 23","Глава","Да","Не начато","course/part-23-store-release/08-review-rollout-support.md",""
"Глава 9. Отказы review и экстренные релизы","234","Обязательный путь","Часть 23","Глава","Да","Не начато","course/part-23-store-release/09-rejections-emergency-release.md",""
"Глава 10. Итоговая лабораторная: опубликованная beta","235","Обязательный путь","Часть 23","Глава","Да","Не начато","course/part-23-store-release/10-final-store-lab.md",""
"Часть 24. Монетизация, подписка и проверка бизнеса","236","Обязательный путь","Часть 24","Оглавление части","Да","Не начато","course/part-24-monetization-business/README.md",""
"Глава 1. Права, спрос и отсутствие гарантий","237","Обязательный путь","Часть 24","Глава","Да","Не начато","course/part-24-monetization-business/01-rights-demand-reality.md",""
"Глава 2. Интервью, landing page и проверка проблемы","238","Обязательный путь","Часть 24","Глава","Да","Не начато","course/part-24-monetization-business/02-interviews-landing-validation.md",""
"Глава 3. Модель дохода и freemium offer","239","Обязательный путь","Часть 24","Глава","Да","Не начато","course/part-24-monetization-business/03-revenue-model-freemium-offer.md",""
"Глава 4. Billing domain и серверный entitlement","240","Обязательный путь","Часть 24","Глава","Да","Не начато","course/part-24-monetization-business/04-billing-domain-entitlements.md",""
"Глава 5. Покупка и восстановление в React Native","241","Обязательный путь","Часть 24","Глава","Да","Не начато","course/part-24-monetization-business/05-react-native-in-app-purchases.md",""
"Глава 6. Apple/Google server verification и lifecycle","242","Обязательный путь","Часть 24","Глава","Да","Не начато","course/part-24-monetization-business/06-store-server-verification.md",""
"Глава 7. Цена, налоги и unit economics","243","Обязательный путь","Часть 24","Глава","Да","Не начато","course/part-24-monetization-business/07-pricing-tax-unit-economics.md",""
"Глава 8. Product analytics, privacy и эксперименты","244","Обязательный путь","Часть 24","Глава","Да","Не начато","course/part-24-monetization-business/08-product-analytics-experiments.md",""
"Глава 9. 90-дневный go-to-market и support","245","Обязательный путь","Часть 24","Глава","Да","Не начато","course/part-24-monetization-business/09-go-to-market-90-days.md",""
"Глава 10. Итоговая лабораторная: первый коммерческий эксперимент","246","Обязательный путь","Часть 24","Глава","Да","Не начато","course/part-24-monetization-business/10-final-commercial-lab.md",""
"Финальная аттестация. Фильтр меты по tournament tier","247","Аттестация","Финальный проект","Глава","Да","Не начато","course/02-final-assessment.md",""
"Выпускной проект: от пустой папки до работающего продукта","248","Аттестация","Финальный проект","Глава","Да","Не начато","course/04-commercial-graduation-project.md",""
"Часть 18. Продвинутый replay pipeline на Java и Clarity","249","Необязательное углубление","Часть 18","Оглавление части","Нет","Не начато","course/part-18-replay-clarity/README.md",""
"Глава 1. Граница replay-функции, источники и риски","250","Необязательное углубление","Часть 18","Глава","Нет","Не начато","course/part-18-replay-clarity/01-replay-scope-sources.md",""
"Глава 2. Java, Gradle и отдельный parser service","251","Необязательное углубление","Часть 18","Глава","Нет","Не начато","course/part-18-replay-clarity/02-java-gradle-service.md",""
"Глава 3. Clarity: event model и минимальный parser","252","Необязательное углубление","Часть 18","Глава","Нет","Не начато","course/part-18-replay-clarity/03-clarity-event-model.md",""
"Глава 4. Object storage, очередь и state machine","253","Необязательное углубление","Часть 18","Глава","Нет","Не начато","course/part-18-replay-clarity/04-storage-queue-state-machine.md",""
"Глава 5. Версии parser/schema и выходной manifest","254","Необязательное углубление","Часть 18","Глава","Нет","Не начато","course/part-18-replay-clarity/05-parser-schema-output.md",""
"Глава 6. Combat log и нормализация событий","255","Необязательное углубление","Часть 18","Глава","Нет","Не начато","course/part-18-replay-clarity/06-combat-log.md",""
"Глава 7. Позиции и heatmap","256","Необязательное углубление","Часть 18","Глава","Нет","Не начато","course/part-18-replay-clarity/07-positions-heatmaps.md",""
"Глава 8. Повреждённые replays, лимиты и изоляция","257","Необязательное углубление","Часть 18","Глава","Нет","Не начато","course/part-18-replay-clarity/08-corrupted-replays-security.md",""
"Глава 9. Golden replays, тесты и обновление Clarity","258","Необязательное углубление","Часть 18","Глава","Нет","Не начато","course/part-18-replay-clarity/09-golden-replays-testing.md",""
"Глава 10. Итоговая лабораторная replay pipeline","259","Необязательное углубление","Часть 18","Глава","Нет","Не начато","course/part-18-replay-clarity/10-final-replay-lab.md",""
"Часть 19. Масштабирование аналитики с ClickHouse","260","Необязательное углубление","Часть 19","Оглавление части","Нет","Не начато","course/part-19-clickhouse-scaling/README.md",""
"Глава 1. Когда ClickHouse действительно нужен","261","Необязательное углубление","Часть 19","Глава","Нет","Не начато","course/part-19-clickhouse-scaling/01-when-clickhouse.md",""
"Глава 2. Граница OLTP и OLAP","262","Необязательное углубление","Часть 19","Глава","Нет","Не начато","course/part-19-clickhouse-scaling/02-oltp-olap-boundary.md",""
"Глава 3. Контракт и схема аналитических событий","263","Необязательное углубление","Часть 19","Глава","Нет","Не начато","course/part-19-clickhouse-scaling/03-event-model-schema.md",""
"Глава 4. MergeTree, ключ сортировки и партиционирование","264","Необязательное углубление","Часть 19","Глава","Нет","Не начато","course/part-19-clickhouse-scaling/04-mergetree-order-partition.md",""
"Глава 5. Пакетная загрузка, повторная доставка и идемпотентность","265","Необязательное углубление","Часть 19","Глава","Нет","Не начато","course/part-19-clickhouse-scaling/05-ingestion-idempotency.md",""
"Глава 6. Колоночные запросы для Dota 2","266","Необязательное углубление","Часть 19","Глава","Нет","Не начато","course/part-19-clickhouse-scaling/06-columnar-queries.md",""
"Глава 7. Materialized Views и предварительные агрегаты","267","Необязательное углубление","Часть 19","Глава","Нет","Не начато","course/part-19-clickhouse-scaling/07-materialized-views-preaggregation.md",""
"Глава 8. Миграция, shadow read и безопасное переключение","268","Необязательное углубление","Часть 19","Глава","Нет","Не начато","course/part-19-clickhouse-scaling/08-migration-dual-read.md",""
"Глава 9. Нагрузочные испытания и эксплуатация","269","Необязательное углубление","Часть 19","Глава","Нет","Не начато","course/part-19-clickhouse-scaling/09-load-testing-operations.md",""
"Глава 10. Итоговая лабораторная: аналитика на большом наборе событий","270","Необязательное углубление","Часть 19","Глава","Нет","Не начато","course/part-19-clickhouse-scaling/10-final-clickhouse-lab.md",""
"Часть 20. Прогнозирование профессиональных матчей и ML","271","Необязательное углубление","Часть 20","Оглавление части","Нет","Не начато","course/part-20-ml-predictions/README.md",""
"Глава 1. Задача, цель и точный момент прогноза","272","Необязательное углубление","Часть 20","Глава","Нет","Не начато","course/part-20-ml-predictions/01-problem-and-prediction-time.md",""
"Глава 2. Point-in-time dataset и утечка будущего","273","Необязательное углубление","Часть 20","Глава","Нет","Не начато","course/part-20-ml-predictions/02-point-in-time-dataset-leakage.md",""
"Глава 3. Python-окружение, данные и простые baseline-модели","274","Необязательное углубление","Часть 20","Глава","Нет","Не начато","course/part-20-ml-predictions/03-python-environment-baselines.md",""
"Глава 4. Временные разбиения и честные метрики","275","Необязательное углубление","Часть 20","Глава","Нет","Не начато","course/part-20-ml-predictions/04-time-splits-metrics.md",""
"Глава 5. Elo и Glicko для рейтинга команд","276","Необязательное углубление","Часть 20","Глава","Нет","Не начато","course/part-20-ml-predictions/05-elo-glicko.md",""
"Глава 6. Логистическая регрессия","277","Необязательное углубление","Часть 20","Глава","Нет","Не начато","course/part-20-ml-predictions/06-logistic-regression.md",""
"Глава 7. Градиентный бустинг и контролируемое усложнение","278","Необязательное углубление","Часть 20","Глава","Нет","Не начато","course/part-20-ml-predictions/07-gradient-boosting.md",""
"Глава 8. Калибровка вероятностей и drift","279","Необязательное углубление","Часть 20","Глава","Нет","Не начато","course/part-20-ml-predictions/08-calibration-drift.md",""
"Глава 9. Публикация модели, serving и мониторинг","280","Необязательное углубление","Часть 20","Глава","Нет","Не начато","course/part-20-ml-predictions/09-model-serving-monitoring.md",""
"Глава 10. Итоговая лабораторная: честный прогнозный baseline","281","Необязательное углубление","Часть 20","Глава","Нет","Не начато","course/part-20-ml-predictions/10-final-ml-lab.md",""
"Отчёт о полноте и проверке курса","282","Обязательный путь","Ориентация","Инструкция/справочник","Да","Не начато","QUALITY-REPORT.md",""
